{"plane_model_0": [0.12613154037563595, 0.8604512086211034, 0.49367454066920624], "plane_model_1": [-0.10682781293042569, -0.27171332985346286, 0.9564307004506104], "plane_model_2": [0.48073194184142387, -0.46699499692304236, 0.7421674157103783], "plane_model_3": [0.1982437183203085, 0.7379467844769757, 0.6450844684431879], "plane_model_4": [-0.07582985177332814, -0.45569245304867834, 0.8869014724390264], "plane_model_5": [-0.2332735053921488, -0.31552850179963216, 0.919796301489704], "plane_model_6": [-0.051451561258841545, 0.2651587091785803, 0.9628310317967409]}