{"plane_model_0": [0.1261863087449453, 0.8604954655527346, 0.49358339644735594], "plane_model_1": [-0.08964728332774373, -0.27280627318860645, 0.9578831358265466], "plane_model_2": [0.4818811862538179, -0.4681040098568721, 0.7407220519807215], "plane_model_3": [0.1992079909403461, 0.7368103597135917, 0.6460856523435873], "plane_model_4": [-0.07310061751965106, -0.47020510454526243, 0.8795245643970523], "plane_model_5": [0.823420409425211, 0.16267097535970154, -0.5436147377670525], "plane_model_6": [0.9147685526436762, -0.22629485629003987, -0.33464777469880785]}