{
  "axis_max" : 4.022921085357666,
  "axis_min" : -0.76341366767883301,
  "bounding_polygon" : 
  [
          [ 0.248927, 0.117288, -1.143226 ],
          [0.248927, 0.117288, -1.143226],
          [0.353953, -0.071318, -0.802257],
          [0.353953, -0.071318, -0.802257],
          [0.353953, -0.071318, -0.802257],
          [0.362192, -0.113318, -0.821718],
          [0.507609, -0.039164, -0.935659]
  ],
  "class_name" : "SelectionPolygonVolume",
  "orthogonal_axis" : "Y",
  "version_major" : 1,
  "version_minor" : 0
}